Country Name,2002,2003,2004,2005,2006,2007,2008,2009,2010,2011,2012,2013,2014,2015,2016
Arab World,8.245001622,8.79772704,9.207615679,9.454900334,9.660603684,10.11064747,10.28059321,9.941566734,9.81901219,9.572088722,9.327797553,8.634503127,7.717912422,7.557079633,7.629208847
East Asia & Pacific,17.15615912,19.3227109,21.76343536,23.96710131,23.96583721,23.85634376,23.14383393,23.16968246,22.29289694,21.45447889,20.90461279,19.81749584,18.48585737,16.8383999,15.60071151
East Asia & Pacific (excluding high income),12.97233028,15.48428194,18.37869981,20.81755123,21.17823342,21.29965057,20.62494706,19.46762825,18.46538715,17.54561991,17.00636078,15.8011659,14.59132031,12.84657993,11.54885632
Euro area,52.55484433,52.01988828,51.58818066,51.42896466,51.68490781,49.79371525,48.65078843,51.41513668,50.82647657,49.81602063,48.74657486,47.68362215,46.75602451,46.10269276,45.99064789
Europe & Central Asia,38.2851859,38.23695432,38.43524804,38.24760273,38.95700131,37.91500272,37.42993898,38.12692884,37.56359934,36.83969732,35.69404102,35.09895559,34.27936168,33.1225207,32.27426231
Europe & Central Asia (excluding high income),22.04520711,22.39897968,23.63259674,23.88437294,25.43696159,25.63563193,25.73853415,25.53955658,25.40005258,25.11029727,24.04266399,23.32474875,22.17631689,20.64827903,19.39549452
European Union,49.45502657,49.12904553,48.80754961,48.28193978,48.10101634,46.38144049,45.55463705,46.94311954,46.11875214,45.16166114,44.07209581,43.69003793,43.17288382,42.39177158,41.96489424
Heavily indebted poor countries (HIPC),0.874009885,0.933594683,1.020638302,0.978305091,1.058773447,1.088093495,1.09291004,1.082356422,1.104067464,1.089397664,1.055937605,0.990165391,1.011312709,0.923639646,0.920128877
High income,52.66682233,51.6816933,50.65514002,49.70462608,48.38913141,46.23855073,45.8384825,47.40142526,46.56915092,45.42919096,44.2355206,43.42263015,42.07815835,41.14995956,40.36224961
Latin America & Caribbean,16.39985835,16.79774015,17.2224749,17.63782952,17.55233,17.79581472,18.32262252,18.0793684,17.9011815,17.89323722,18.0448287,17.71774645,17.38118659,17.4053123,17.10565254
Latin America & Caribbean (excluding high income),15.60731755,15.96579855,16.42892409,16.77932315,16.72797228,17.02725797,17.60508612,17.34979258,17.1733908,17.27136838,17.54797038,17.14514745,16.71800365,16.7184452,16.45083227
Least developed countries: UN classification,0.660705726,0.759757533,0.843914768,0.865014562,0.918733575,0.929429952,0.962936017,0.948412855,0.993061713,0.945129288,0.96219139,0.932145046,0.935629185,0.853098225,0.881328305
Low & middle income,9.484716001,10.49893016,11.81372373,12.7319042,12.92082589,12.9758738,12.73246411,12.17524787,11.66916958,11.21937128,10.88210151,10.23964112,9.553737686,8.781271291,8.174699742
Low income,1.259926791,1.385805505,1.535119479,1.627135592,1.722436356,1.862433964,1.866624194,1.835179635,1.805309159,1.807617456,1.746672185,1.688733955,1.554157822,1.492950621,1.480340054
Lower middle income,3.873051371,3.974533324,4.54717751,4.584031092,4.499274945,4.770447371,5.2907791,5.485794752,5.415399484,4.94639117,4.721516273,4.114948891,3.711291853,2.978833578,2.815604288
Middle East & North Africa,12.08275071,13.11771465,13.67126075,15.09830877,15.85702132,16.53487312,16.84092793,16.6813377,16.41552967,16.58530997,16.51176709,15.91971234,14.87166641,14.90938545,14.89882326
Middle East & North Africa (excluding high income),10.63967647,11.86010782,12.48405358,14.10715679,14.98628723,15.7955035,16.1179451,16.00001572,15.82955989,15.84568283,15.71030907,15.08145927,14.29588957,14.31669321,14.43402254
Middle income,10.33851758,11.45312505,12.85274833,13.89124354,14.06173307,14.14985981,13.89843105,13.36782234,12.84292309,12.35599753,12.00082582,11.30132197,10.5613297,9.712445695,9.042563443
North America,65.83041131,63.28456147,61.10159774,59.04478727,56.19735343,52.97224213,53.75515329,50.4922924,49.02786232,46.75858744,44.9010368,42.81712526,41.0112114,39.46505762,38.12943247
OECD members,50.0900023,49.12267297,48.24017325,47.33881366,46.09267768,43.97108882,43.54306782,44.7785716,43.94380202,42.69563734,41.55882545,40.49299875,39.41392974,38.47499532,37.75164232
South Asia,3.267566792,3.294175483,3.620722712,3.916931925,3.289324525,3.177497346,3.081892178,3.032330702,2.878411254,2.663788845,2.516103986,2.363796591,2.123918776,1.961652602,1.798937722
Sub-Saharan Africa,1.451340189,1.498801234,1.519229648,1.479117208,1.54076619,1.534515176,1.494640029,1.562360723,1.461192951,1.372006196,1.282162446,1.109782822,1.087005824,1.057163827,1.083169121
Sub-Saharan Africa (excluding high income),1.448478283,1.49601924,1.516515897,1.476454764,1.538262937,1.531832797,1.492074574,1.559440095,1.458833003,1.369051102,1.280030209,1.107607552,1.084942911,1.055140469,1.081251105
Upper middle income,16.94218677,19.16423334,21.45897449,23.3003727,24.15474657,24.13145434,23.13203694,21.88834582,20.93126108,20.47824752,20.03465914,19.2864124,18.21766958,17.29120598,16.10118171
World,17.24628877,17.86133105,18.73564313,19.37321406,19.19054327,18.82017853,18.52340235,18.27978868,17.67694489,17.07413495,16.55643341,15.84719857,15.01766131,14.18417876,13.5112067
Afghanistan,0.150364494,0.159116571,..,..,..,..,..,0.018318595,0.057701988,0.045471683,0.293244041,0.301808716,0.311163495,0.326056406,0.329501081
Albania,7.05347722,8.196708138,8.863118905,9.059979949,8.381540835,9.920940029,11.48499608,12.25260621,11.32675288,11.57784354,10.6847888,9.633508714,8.070940076,7.75541228,8.496597124
Algeria,6.094693535,6.417402755,7.574282625,7.72640662,8.411700367,8.945779012,8.804007606,7.263808812,8.092254208,8.308997082,8.756259376,8.171482801,7.922588915,8.19530167,8.384732896
American Samoa,23.92773833,18.12169088,17.47097732,17.59193477,17.73231032,17.96107283,18.23601613,18.49645188,18.69259665,..,18.10610176,18.08089392,17.85810921,18.00601401,..
Andorra,49.85367386,48.05963215,45.95771471,44.94148376,45.07537875,44.93426702,44.56779671,44.85093888,45.20006158,45.85139282,46.48736519,47.74471456,48.26502405,49.79875407,50.06922788
Angola,0.456391065,0.467182751,0.499742496,0.494871715,0.484468794,0.449068509,0.525271354,1.34450151,1.202963003,0.65852374,0.8301871,0.826783556,1.06764868,1.022728313,1.056773356
Antigua and Barbuda,44.1031229,43.53155465,43.05607487,40.87257571,41.52777932,41.47470481,41.09085404,39.91194794,38.37060669,37.07100994,34.26330636,33.87001145,20.14159292,20.01541187,22.28935353
Argentina,20.3449358,22.45891013,22.62034849,24.1194413,23.91319372,23.76769267,24.12644036,23.94185533,24.04966693,23.33954255,22.46168997,22.71297845,22.85276589,23.20046875,22.66639117
Armenia,17.89269708,18.67843725,19.29516379,19.93801947,20.41237113,21.2986046,21.54582528,20.76796105,20.58519222,20.41128384,20.253324,19.99129776,19.70848731,18.90214093,18.17632289
Aruba,39.08960755,38.53963738,38.48911755,38.24714339,38.33207712,38.1436475,37.94756939,36.17438617,34.46478278,..,35.09558673,33.91900142,33.72031408,33.54386099,..
Australia,53.40127345,53.10460918,51.98404346,50.00271013,48.31433051,46.59453171,43.90302482,49.26160493,48.03331491,47.03333869,45.88147087,44.70701549,39.14858349,35.71495199,33.90554396
Austria,47.73547246,47.42013432,46.5022597,45.30116979,43.51376357,40.99000178,39.3957968,38.86481758,40.40452564,40.04792512,39.68278195,38.86785652,40.75999453,41.59514542,40.94517797
Azerbaijan,11.18760809,11.25852867,11.99448637,12.81473814,13.6378842,14.36561587,14.8550631,15.69964256,16.67968084,18.41030204,18.60787312,18.72988941,18.89195352,18.67460346,17.48243975
"Bahamas, The",40.93583519,41.76014898,43.38750984,40.41743483,39.17577346,38.80897852,38.07431541,36.34262912,35.83773058,36.28112656,36.28651835,36.05132011,32.88021791,31.25985555,30.9504335
Bahrain,23.86539853,23.85429254,23.08290193,21.76416605,20.26222488,19.64888198,19.77283127,20.08389668,18.37432366,21.63261411,23.02815607,22.16029819,21.30235252,20.41870314,19.63722248
Bangladesh,0.443578361,0.533774516,0.588043851,0.746002779,0.780089132,0.806664079,0.903496956,0.820775246,0.841793992,0.635233467,0.617483592,0.686894158,0.611134717,0.536140353,0.470190651
Barbados,48.99107847,49.21802114,49.70211395,49.2239306,48.81525893,48.61886656,48.68040055,48.73056344,49.17784161,50.13096888,50.91109257,52.64788024,47.91185137,52.61191273,49.02349507
Belarus,30.25515513,31.5331106,32.81924318,34.13456657,35.17425457,38.50165002,39.10765282,41.98901166,43.68805005,44.44186513,46.52835332,47.14259099,47.59500176,47.86828104,47.63040079
Belgium,47.57988149,46.78937544,45.81055727,45.45970251,44.51970594,45.31069137,43.92282228,42.68835363,42.41604083,42.07951579,41.81676448,41.12895184,40.39941133,39.76554624,38.48308812
Belize,11.93717916,12.36502805,12.2120041,11.92119374,11.80579679,11.36199888,10.16576029,9.928359597,9.417676177,8.762059831,7.54824013,6.987892998,6.454474629,6.569381666,6.267815585
Benin,0.859021459,0.884389516,0.939212418,0.955460414,0.941255676,1.310085607,1.325630833,1.421500047,1.450410299,1.61418662,1.610776264,1.593720635,1.902084942,1.840647537,1.148634815
Bermuda,86.67388949,83.2434099,82.76339046,80.56348841,88.6125755,88.76286753,89.12959381,89.73142777,90.37463256,..,109.2135045,114.7026493,46.86287711,19.35390223,33.0019784
Bhutan,3.234668923,3.794627819,4.729947117,5.025592449,4.689777873,4.346262799,3.919680434,3.687830495,3.613320305,3.712306383,3.586478557,3.462268011,3.068202893,2.770051792,2.642507505
Bolivia,6.825545497,6.926582388,6.97419785,7.082323653,7.180103614,7.183202061,8.218582468,8.240985421,8.582196321,8.716541995,8.598209357,8.407296199,8.294809802,8.216869368,7.966159075
Bosnia and Herzegovina,23.91107384,24.82026181,25.16407773,25.62076726,26.16770403,28.20487546,27.40342422,26.65495103,26.82945898,25.91412264,24.29452881,23.48083869,23.77155145,21.85216409,21.18367865
Botswana,8.323534385,7.282389839,7.203402339,7.353118675,7.007288888,7.153416137,7.310192252,6.940918701,6.820403938,7.291725063,7.681369253,8.182495994,7.804025965,7.264630542,6.315803507
Brazil,21.54341662,21.48429324,21.42429001,21.32097296,20.52785824,20.62519794,21.36773473,21.29186789,21.41372812,21.65511713,22.09068451,22.25108512,21.6088884,21.20639637,20.22796459
British Virgin Islands,54.36852617,71.87727273,76.95754403,68.04212707,64.35055428,59.6538757,55.58115919,51.29882406,46.85938877,44.85143902,43.03202497,41.57488987,40.04664053,39.03297579,36.42086038
Brunei Darussalam,23.4326125,23.18266839,23.11395933,22.9736169,21.65455773,21.22209655,21.30140382,20.98876416,20.55796553,20.26303701,17.74442899,..,17.40182267,18.20224073,17.53631887
Bulgaria,36.50863975,36.10398467,35.21512375,32.40628322,31.46802494,30.40003309,29.1568108,29.57866318,29.2286001,30.89679432,29.17637831,26.73253932,25.15837054,23.05681615,20.73864186
Burkina Faso,0.50359958,0.526598149,0.654038976,0.679417938,0.685203465,0.819153999,1.008575653,1.006934833,0.922531228,0.880051268,0.853033356,0.804915537,0.708490634,0.414535689,0.40612057
Burundi,0.327579529,0.34365902,0.386274825,0.374497073,0.363319505,0.35896137,0.370312011,0.366602502,0.39890817,0.331840255,0.186636709,0.221381127,0.219060453,0.213485867,0.185668783
Cabo Verde,15.52445665,15.58545421,15.33152007,15.0874376,14.88742603,14.75295927,14.61391881,14.46264611,14.32589414,14.66401085,13.66203678,12.72375247,11.32538176,11.93140344,11.9957002
Cambodia,0.280330508,0.2441352,0.246337528,0.248458934,0.190344881,0.274401129,0.310507345,0.3846643,2.507907754,3.645646967,3.955338026,2.802041072,2.36435705,1.652229866,1.441794603
Cameroon,0.689348995,0.58976656,0.58634663,0.575926644,0.730151945,1.026746431,1.350324705,2.240638525,2.701505396,3.259992338,3.497920515,3.68963112,5.198898341,4.599531359,4.48425498
Canada,65.84104302,65.17050218,64.36111182,56.20667505,55.86071433,55.36663734,54.63327928,55.36576966,53.83294426,52.90888559,50.78980496,47.99535505,46.07140939,43.42808728,41.7624534
Cayman Islands,84.93897805,82.55844269,80.3399649,78.15392209,75.9529092,68.08072568,67.57737218,66.60218501,67.29061199,65.80003181,65.00356379,62.90281133,55.60569188,55.92448677,56.14416194
Central African Republic,0.230319694,0.238593654,0.246606935,0.242253344,..,..,..,0.080854088,0.020883326,0.018207599,0.018327923,0.017779149,0.017717177,0.041376125,0.042745637
Chad,0.131475326,0.13310951,0.133882002,0.129134681,0.191909167,0.296964246,0.404172461,0.506546849,0.430942454,0.259092719,0.219887471,0.238495357,0.173772856,0.121553987,0.092246742
Chile,22.19082179,20.58327387,20.94120752,21.43203867,20.733089,20.97790845,21.15473694,21.12554296,20.35717611,19.64690643,19.02108789,19.16757974,19.46058993,19.39954898,18.84468653
China,16.49578906,20.11315686,23.72558796,26.51625086,27.66953684,27.35165033,25.31650886,23.20386097,21.64970733,20.84966105,20.22638739,19.30765914,17.94317934,16.53480879,14.72204818
Colombia,18.68062224,18.618898,17.7620238,17.73984412,17.93104948,17.85729449,17.65851081,16.4563969,15.64996258,15.35713225,15.07232868,15.08451908,15.02542344,14.7407134,14.62586627
Comoros,1.80129557,2.2710477,2.525501149,2.769498403,3.042822365,4.056139148,4.383403654,4.5728791,3.07528578,3.275830103,3.315521614,3.101820634,3.094609454,1.877868448,1.64014374
"Congo, Dem. Rep.",0.020065914,0.01893947,0.019843793,0.019321854,0.017155082,0.005991349,0.06181509,0.06781026,0.065077304,0.085394886,0.086307825,0,0,0,0
"Congo, Rep.",0.645695267,0.199856161,0.383309772,0.427809586,0.357956623,0.33710188,0.21990385,0.272702994,0.305469291,0.314665402,0.322271318,0.329987437,0.334626607,0.340296194,0.331654188
Costa Rica,25.54599769,28.09576219,32.07979006,32.68726395,30.8556176,32.88031109,32.45807435,33.41161157,23.32934385,22.42636302,21.38081039,20.57748585,18.52239849,17.87729739,17.49594526
Cote d'Ivoire,1.870490208,1.346202958,1.433135653,1.409853448,1.446958157,1.297148514,1.828404226,1.414851633,1.388845659,1.323234672,1.289229741,1.238919851,1.077094803,1.199767773,1.220075069
Croatia,41.51672305,42.63666037,43.05735506,42.99852652,41.89375658,42.33350282,43.15016814,42.82778219,43.10681716,42.84423946,40.58022691,38.99814531,36.85188112,34.85600621,34.08228535
Cuba,5.933670161,6.440803974,6.818141677,7.585420143,8.512333271,9.334281814,9.620801655,9.893324282,10.26753519,10.51036267,10.6879845,10.84172708,11.05631784,11.30623992,11.51972877
Curacao,..,..,..,..,..,..,..,57.72130088,53.41580402,45.20130418,41.74788378,41.1343168,39.05770804,39.59939244,37.1654818
Cyprus,43.62047481,42.4893452,41.18495403,40.67748352,38.95006649,38.49881713,52.60570192,51.35819601,49.9205026,47.70600707,43.19898136,40.50446688,38.42873887,38.39485233,37.72334667
Czech Republic,35.84971342,35.41552787,33.47481761,31.36366543,28.03944694,23.20044463,23.77183394,24.09549297,22.46901802,20.85305546,20.00046284,18.8871923,18.88847562,17.98035452,16.5733558
Denmark,68.88152009,67.09245349,64.62079296,61.75509093,56.91417248,51.64748096,54.11349459,50.20066238,47.05368864,44.44788552,40.98106105,37.15184441,33.05848217,29.83100694,27.260792
Djibouti,1.356836648,1.340469144,1.440541186,1.350519755,1.419352732,1.743632954,1.811809939,2.012571101,2.17048544,2.129716134,2.264564195,2.306933961,2.402199604,2.469447302,2.645031003
Dominica,33.95394134,32.05455609,29.78587363,26.90189304,24.71507054,24.59478506,24.62222472,23.16472223,21.67413214,20.9040966,22.5376159,23.67955801,22.60161038,28.13619092,18.12273092
Dominican Republic,10.29130061,10.13418066,9.911657676,9.702252736,9.572016291,9.53757715,10.22891044,9.883772714,10.23351723,10.96818171,11.11720885,11.39009129,11.78288854,12.3947489,12.63139637
Ecuador,10.79443485,11.51802827,11.77495607,12.22817261,12.70975151,12.83394482,13.19584578,13.70352811,13.9651978,14.56517292,14.97225686,15.29076917,15.35353584,15.56367521,14.96254395
"Egypt, Arab Rep.",10.73804977,11.80781791,12.55493311,13.54050356,13.82780148,14.11772292,14.64110041,12.50537349,11.43549728,10.1449749,9.745108304,7.595019446,6.879140051,6.648810557,6.39391194
El Salvador,11.24015054,12.60387823,14.79502231,16.11314122,17.11848041,17.75437558,17.62890241,17.90905281,16.23619989,16.62869637,17.02231354,15.36664962,15.18459324,14.95872144,14.71107796
Equatorial Guinea,1.32051434,1.382068525,1.448641519,1.320451013,1.262280411,1.20579699,1.151519199,1.099975691,1.423293352,1.460338533,1.431552109,1.37236954,1.33785009,0.964276508,0.899638966
Eritrea,0.993100556,1.018600875,1.017746486,0.950162093,0.923143582,0.900770755,0.954842325,1.124576425,1.235116743,1.306749741,1.317480882,1.33164968,1.348491217,1.361673753,1.333819073
Estonia,34.35228229,33.57833622,32.56397751,32.60765331,33.49240382,36.86498938,37.18179728,36.8878525,36.19925501,35.52323047,33.82900582,32.27170919,30.89363368,29.46862401,28.23660017
Eswatini,3.24350328,4.248605839,4.064369487,3.986985847,3.952382567,3.939534483,3.896981354,3.825100049,4.403400943,6.188492546,3.650579494,3.617899479,3.428314636,3.260018302,3.127098693
Ethiopia,0.501886657,0.557983592,0.649074522,0.795477915,0.919517647,1.086522909,1.078665823,1.071292603,1.036321927,0.920641716,0.86268381,0.802474723,0.842176408,0.891774259,1.120082229
Faroe Islands,51.09589901,50.63576104,49.76424402,49.33830382,47.62623235,46.35691876,45.00773435,43.12715131,41.55509784,40.24234694,38.39436157,44.26323671,42.9937349,41.01501072,41.1120386
Fiji,11.95489468,12.49320376,12.8306332,13.68832721,13.89877582,14.59550174,15.30817938,16.05484719,15.09913367,14.97486985,10.12103993,7.982698942,8.551533857,8.133731025,8.253816369
Finland,52.2810664,49.12074623,45.17200366,40.31240593,36.19089846,32.84249532,31.01560893,26.76576363,23.29576565,20.03992398,16.43272283,13.83581257,11.70024014,9.799404082,8.309813394
France,56.6610742,56.00816791,55.35371679,55.04630605,55.40412753,56.16440678,56.31356303,65.29848261,64.45200878,63.73179715,62.3979875,61.13900304,60.45274079,60.39511396,60.26820789
French Polynesia,21.69987674,21.53650518,21.15976566,20.94622694,20.80812312,20.75987935,20.72847758,20.45327038,20.51452468,20.38222226,23.02109288,22.59110585,22.12288191,21.85638662,21.60181008
Gabon,2.477964847,2.892377796,2.83344512,2.788630529,2.524563205,1.779285828,2.158602093,2.297772686,1.85226282,1.32573135,1.287043557,1.059390702,0.986184987,0.971828979,0.956972117
"Gambia, The",2.924469382,3.100442034,3.074061919,3.046660998,3.105388858,3.164153969,3.076221915,2.955122106,2.882547577,2.888861021,3.562239023,3.452652685,2.911642817,2.275496943,1.862594132
Georgia,13.84684576,14.568859,15.07126441,12.70910569,12.46041809,12.6658824,14.23859018,14.45998037,26.27566339,32.13631578,31.0598169,29.66665101,27.48669579,24.04558343,21.41004559
Germany,65.76249425,66.39163548,66.72650098,67.08726845,66.71543352,65.27795742,61.99853905,66.32445389,65.39358501,63.50855351,61.80132126,59.92729552,57.70179922,55.5026645,55.30144832
Ghana,1.380404509,1.423353562,1.492985789,1.492553457,1.61148714,1.658614466,0.617632617,1.118603123,1.133713369,1.13336244,1.107451356,1.026415485,0.965809519,0.999063874,0.891595792
Gibraltar,77.83413644,78.81462799,79.48959117,77.91803023,74.31260837,73.82343894,73.32274227,72.82437189,72.31311579,71.84553211,68.72676442,..,68.74669487,..,49.48558475
Greece,56.11053563,56.03588256,56.36232223,55.84941215,54.41908602,48.05794306,46.00575657,52.4331631,51.52974335,50.29373258,47.99674502,47.63242737,47.21960392,46.89475655,46.50466804
Greenland,44.81758024,44.52281865,44.19197693,56.45379361,63.16020431,40.68192598,40.14355835,38.852066,38.52890286,35.1817796,33.48680715,31.90697345,30.50618992,28.38036788,..
Grenada,32.85406464,31.88669109,31.85882949,26.64037533,26.82768572,27.54233198,27.49831617,27.16499195,27.10146451,26.71615513,26.2862506,26.99015192,25.64779992,25.30728401,24.95038065
Guam,44.53634484,41.55052817,41.42973706,41.350488,41.28636983,41.23257058,41.18590247,41.13520608,41.08025388,..,41.8820676,41.77708496,41.87193648,42.02797332,..
Guatemala,6.929138605,7.55283118,8.846820623,9.530836373,10.11364627,10.31872619,10.34451763,9.871566549,10.24307099,10.87932178,11.41926269,11.94554012,10.79091678,10.57596375,14.80345297
Guinea,0.284426165,0.281046479,0.276073422,0.258271266,0.23275988,0.217892392,0.261548277,0.208401932,0.166756684,0.163114841,0,0,0,0,0
Guinea-Bissau,0.86562048,0.799120801,0.719741992,0.696243875,0.480225729,0.316330073,0.313808167,0.319220164,0,0,0,0,0,0,0
Guyana,10.6985918,12.28052675,13.66164129,14.66630091,15.74170792,17.16797995,18.6010178,19.71883872,20.07310905,20.33093045,20.47654268,20.68446512,20.923561,20.04608895,18.31041649
Haiti,1.471464955,1.559618883,1.535226092,1.568537872,1.594140873,1.133632503,1.112825114,1.085977994,0.500019151,0.492850999,0.485945957,0.393029912,0.387799781,0.053141327,0.052473723
Honduras,4.698959968,4.754172732,5.376260054,6.695391426,9.482396253,10.65448863,10.48907497,8.915160272,8.217416018,7.355249294,7.177655877,7.150731971,5.986219432,5.547165335,4.860479144
"Hong Kong SAR, China",56.68812933,56.12096062,55.32225413,55.55132935,55.91436971,61.01598676,60.27121504,61.25061433,62.08586178,61.45405732,61.65647327,61.82246774,61.40548078,59.78338052,59.13239542
Hungary,36.08621352,35.52482381,35.23451765,33.86434197,33.41691945,32.42888712,30.96720805,30.81336351,29.98873874,29.63480041,29.99724206,30.25919209,30.68531748,31.62563082,31.98651818
Iceland,65.88850064,66.86947825,65.43297241,65.71722055,62.91537661,61.16251638,64.17281044,60.16242415,60.44242152,59.09318591,55.29635114,51.37862391,52.2241741,50.91674918,49.49740431
India,3.800672573,3.790518449,4.102349463,4.385603534,3.50867313,3.327169976,3.165860414,3.052039165,2.850572739,2.632642117,2.44964409,2.270751774,2.086788349,1.949499439,1.842963898
Indonesia,3.56310246,3.653735601,4.640295726,5.958125951,6.448333163,8.382153312,12.86338251,14.54397822,16.87710999,15.71684962,15.26131539,12.18996752,10.27901826,4.019969034,4.118067986
"Iran, Islamic Rep.",18.95688987,22.29356224,23.47418953,28.88167701,31.76697664,33.0898723,34.04463653,35.01825579,34.61985073,36.78149307,37.6155927,38.33978275,37.46422126,38.33012391,38.23810598
Iraq,4.524184902,4.617282927,3.929989612,4.128341281,4.503992936,4.806238778,3.717785362,5.519836792,5.593107705,5.654480421,5.708345757,5.607507804,5.563890616,5.529458989,5.459299965
Ireland,49.66944044,48.27700481,48.80412929,48.7066509,50.58003379,51.3549002,49.50678113,46.66968326,44.91053243,43.89345467,42.91782356,43.45338188,43.15775166,41.10670246,40.14347626
Israel,48.17859739,45.87749088,44.76854923,44.46930699,44.47903996,44.41343207,45.42502124,45.62531517,45.89306243,46.24262793,46.68075055,43.45933215,43.15398594,42.30863804,40.77506266
Italy,46.95704524,45.73921798,44.37495743,42.59419513,45.51523125,37.79408708,37.03885147,37.96441234,37.73052037,36.99045727,36.40953969,35.3590417,34.5409,33.96284619,34.10263191
Jamaica,16.12987238,16.90960885,15.50144992,11.62251387,12.4151218,13.31869556,11.3468515,10.78609684,9.337429585,9.54474883,8.91037356,8.778293903,8.892112644,8.804136864,10.76621937
Japan,47.51463373,47.02118942,46.49115626,45.23524607,43.62508282,39.86996609,37.67143884,51.95301062,51.04456782,50.32358524,50.00939215,49.89307624,49.59109648,49.77969752,50.17606663
Jordan,12.75673817,11.5360028,11.52199538,10.99033603,10.34674748,9.026041664,7.996983584,7.348328338,6.759992147,6.143782204,5.43550869,4.497683713,4.262344843,4.028014362,4.273693548
Kazakhstan,13.7819868,14.62941475,16.57359887,17.42436375,18.66309312,20.43322683,21.6136614,23.82885046,24.74300834,25.62445262,25.77479973,25.52411462,24.89395594,23.36835074,21.85433453
Kenya,0.96791086,0.962056265,0.853187708,0.795402544,0.791761859,1.217683947,1.651039981,1.650460107,0.920789844,0.667373725,0.576372118,0.455874112,0.391076443,0.180996552,0.150224197
Kiribati,5.122333787,4.949659711,4.749177177,4.549147035,4.243581583,4.15321199,4.063388866,8.250139209,8.180064685,8.084581868,7.503775337,5.528170636,1.810642959,1.313975108,0.574325801
"Korea, Dem. People’s Rep.",3.925151139,4.163384815,4.21416416,4.183371042,4.156086483,4.875370451,4.848953855,4.823607027,4.798386636,4.773019078,4.747720229,4.722649217,4.698132449,4.674393439,4.651415804
"Korea, Rep.",53.60932762,52.06173514,48.59520118,49.07799146,45.87605348,46.89263754,49.48818225,54.46387678,57.60147019,59.23952961,60.25590162,60.46150149,58.51125997,57.08774945,55.19696942
Kosovo,..,..,..,6.109809895,6.109809895,6.109809895,6.109809895,6.109809895,6.109809895,..,..,..,..,..,..
Kuwait,22.47801018,22.44709601,22.50845698,22.17345604,21.7469875,21.49943477,19.60404775,18.74808217,17.32500401,16.12935675,15.01963154,14.11744435,13.06031805,12.19576025,9.950046686
Kyrgyz Republic,7.910133414,7.90396525,8.265896562,8.676847842,8.950656656,9.287687968,9.39709944,9.330620372,9.01921072,9.116694672,8.738712231,8.11563304,7.674758588,6.95667696,6.416488715
Lao PDR,1.126194751,1.250256288,1.324011118,1.578129817,1.575404198,1.593804955,2.111615795,1.629184225,1.650616031,1.699585078,7.014624245,10.80461685,14.00091874,14.44330382,18.74132647
Latvia,30.06273977,28.3571901,28.5430622,32.46445466,29.54220768,29.2944156,27.29661524,26.18037775,25.11270275,24.67602042,23.04234374,20.72732832,19.84003968,17.86553973,18.41839505
Lebanon,19.26969655,18.91143612,16.30744134,15.92083177,16.79374469,17.06951679,18.24352774,19.21372284,19.3214839,18.63407643,17.63484042,16.48944619,17.23496189,17.30928198,30.23742947
Lesotho,1.503591419,1.829990871,1.925296629,2.460268894,2.703211437,2.400358778,2.059572085,1.980973738,1.892234009,1.868987281,2.429222442,2.377723969,2.316821117,1.865591855,1.867574544
Liberia,0.22527942,..,..,..,..,0.05829888,0.054600159,0.062284732,0.147057147,0.228221594,0.328441781,0.256632133,0.228663206,0.200016846,0.173392001
Libya,13.02574484,13.354815,14.01461482,14.71337659,15.45541182,16.23017164,15.20575152,17.37062234,19.9103927,16.14595687,13.13272213,12.73408361,14.74008834,17.05329068,21.83938895
Liechtenstein,58.56605327,57.98199353,57.75523182,57.41420865,56.29006981,55.4272125,55.14757604,54.80064866,54.43990779,54.04809177,50.54042961,49.68235869,48.59805532,46.34922332,43.50076993
Lithuania,27.1688196,24.13983678,24.25348657,23.95483355,23.98413765,24.52189218,24.41760739,23.58680271,24.11928665,23.11482164,22.23705291,20.88489304,19.80838977,19.16552464,18.25397344
Luxembourg,56.006184,54.77038912,54.22525392,53.40270224,53.35578687,52.28323103,53.72032859,53.11528394,53.63376643,53.68493733,50.09513756,49.12606637,48.7312966,48.85829682,48.00719761
"Macao SAR, China",39.23091317,37.94895979,36.89190651,36.13837893,35.81144085,35.3324481,34.20252436,32.45417494,31.35637253,30.26905626,28.89316322,27.51002447,26.0855904,24.31815383,23.19628467
"Macedonia, FYR",27.33263443,25.56702798,26.10538311,25.90221097,23.79314105,22.44722478,22.11119592,21.13491274,19.94896508,20.36558879,19.68712211,19.10273883,18.46406369,17.84261879,17.69983365
Madagascar,0.354849895,0.344912979,0.329731,0.503721384,0.68753791,0.688984699,0.824400548,0.90499735,0.671650047,0.636140197,0.640934966,0.634863782,0.629742489,0.613330281,0.596857521
Malawi,0.608471437,0.689001837,0.733667728,0.787778195,0.968035325,1.265872353,0.780121747,0.756615775,1.002881567,1.110092402,1.412006544,0.202501673,0.111097194,0.082293863,0.062095202
Malaysia,19.29806799,18.51681314,17.66205509,17.01383583,16.60867534,16.33750966,16.65002586,16.38810807,16.39781094,15.79493551,15.73132761,15.2685971,14.5897761,14.61275706,15.51017699
Maldives,9.73394804,9.945435113,10.14841039,10.12934549,9.830131563,9.838128961,13.59932069,8.600822001,7.784675908,6.420157225,5.991667595,5.676187792,5.52337188,5.236817136,4.941134666
Mali,0.486324816,0.507491465,0.531266135,0.593057313,0.623879948,0.585019779,0.573452832,0.580532207,0.759836512,0.673676559,0.699577114,0.766861243,0.910324836,0.967523009,1.115942312
Malta,51.64900337,51.6531047,50.99393344,49.68595358,50.99849962,56.15879159,58.50488198,59.62878431,59.51190791,55.50222651,54.59743482,54.65639368,54.12999037,53.83942603,54.58517521
Marshall Islands,8.395644005,8.559751324,10.58109613,..,..,..,..,..,..,..,..,..,4.463306741,..,..
Mauritania,1.097337211,1.291054767,1.281704522,1.309602903,1.082699689,1.215546999,2.240736062,2.123727429,1.982854893,1.944604043,1.698823494,1.368238064,1.265576094,1.22644232,1.236707217
Mauritius,26.44273813,28.80097006,29.10378332,29.254429,29.09702646,29.23727886,29.33930878,30.15697446,31.06682533,29.94349424,27.85288634,28.91762063,29.60502506,30.17175669,30.86048052
Mexico,14.35005295,15.45815598,16.89157393,17.98803653,18.04057589,17.88139877,18.02842149,16.88717761,16.97819877,16.79133189,17.03888808,15.17393558,14.94079291,16.02252836,16.14468301
"Micronesia, Fed. Sts.",9.446360637,10.43289395,11.2585267,11.72266375,8.437417206,8.276708731,8.327111928,8.368603309,8.158006485,8.118452082,8.115706791,9.688337737,6.753833582,6.51901219,6.559173599
Moldova,17.22174124,18.96448069,20.72261557,22.35371055,24.56304753,26.15562621,27.10884751,27.80072949,28.42828746,28.93908521,29.59881955,29.9971709,29.93347075,29.57382968,28.85221923
Monaco,103.3160685,101.7186409,101.5939245,100.5711242,99.82271565,98.82942668,97.62084065,118.1885367,115.6790856,118.6628264,121.0676759,123.3836349,132.7231721,128.1358498,120.9771682
Mongolia,5.238046716,5.594208204,5.846648873,6.176462905,7.627876648,7.078061636,7.628767364,7.078506114,7.1236245,6.791957751,6.279026631,6.123786948,7.808998678,8.587321545,7.441604969
Montenegro,..,..,..,27.73139646,27.2295705,28.45739357,28.01748215,27.57460841,27.31973378,27.31659275,27.10836449,26.9548106,26.23511568,24.58666174,23.54620873
Morocco,3.82025258,4.085295449,4.335984103,4.394197189,4.10154138,7.665971058,9.466632043,10.99184846,11.56866943,10.85271983,9.837027528,8.647098226,7.249058965,6.38551113,5.868371909
Mozambique,0.456471061,0.393455301,0.370487338,0.315403046,0.326316838,0.351535242,0.342823257,0.350479422,0.363570982,0.353342084,0.343269667,0.293436137,0.319178233,0.318778284,0.285891426
Myanmar,0.726167591,0.762156027,0.883790801,1.039403527,1.169568555,0.943817431,1.019497834,0.892086033,0.983561334,1.036268231,1.028164036,1.039511667,1.014540778,0.982602955,0.972644098
Namibia,6.187762691,6.412169934,6.36737095,6.839743804,6.623570948,6.643108012,6.900955433,6.956912365,7.227368314,7.178980521,7.564222279,7.922746188,7.701122568,7.524321178,7.575594434
Nauru,17.85714286,17.81120127,17.77602212,17.79711291,17.87310098,17.99640072,18.09590831,19.10507793,0,0,0,0,0,..,..
Nepal,1.333829025,1.490207279,1.651335831,1.89015045,2.357476603,2.67453783,3.040736091,3.038823791,3.114730906,3.094146637,3.007975609,2.962615029,2.956109437,2.955512512,2.961197188
Netherlands,49.81888978,48.42925579,48.26494847,46.43445123,45.31568978,44.85536367,44.16269825,43.6400571,43.34973314,42.61814631,42.77776735,42.31361855,41.12649411,41.03981114,39.87677875
New Caledonia,23.52004632,23.0764445,23.28962833,23.77023113,24.4464652,25.07360627,25.84479831,27.25240792,28.76070061,29.92103103,30.97473623,32.45649875,33.33370999,28.88205105,..
New Zealand,44.534652,44.70336038,44.12516499,41.81019526,42.08504373,41.26651754,40.9038584,43.25217498,43.01998461,42.54967618,42.07941236,40.95160914,40.51065321,40.09073943,37.76149027
Nicaragua,3.318654826,3.911633907,4.039397307,4.105884601,4.547750537,4.509149227,4.547997625,4.49452677,4.502221526,4.95225403,5.089629117,5.465604238,5.647309102,5.820699815,5.96163077
Niger,0.183508081,0.181521972,0.183133831,0.175893745,0.211752508,0.284190342,0.425110114,0.482714177,0.507641192,0.500180607,0.566992303,0.545413932,0.549920596,0.552848135,0.778058826
Nigeria,0.545595671,0.673271915,0.758912444,0.880425073,1.183594098,1.078880008,0.86973575,0.959831001,0.662283086,0.441686465,0.249953849,0.209822768,0.10387027,0.103296831,0.083076133
Northern Mariana Islands,31.84852319,33.22357687,34.72275102,36.55245984,38.58124757,40.66338447,43.0081315,45.08388117,46.85432897,..,42.81618824,42.56421645,41.12506426,40.13426737,..
Norway,50.96588906,48.92912768,47.41904139,45.5194799,43.97659355,42.12530256,39.81044174,36.68649191,33.71758362,30.76660478,27.85343277,24.35834938,21.02730749,18.16422672,15.36079932
Oman,9.751379973,9.90158285,9.929232057,10.56187131,10.44138365,11.07575517,10.910057,10.41085807,9.33568089,8.875477718,8.790080597,9.468214979,9.472433838,10.35599229,9.548942971
Pakistan,2.52704411,2.740236834,2.985953735,3.396687877,3.335590305,2.997640398,2.698981157,3.67809964,3.564193547,3.284869044,3.294848232,3.506009036,2.639672758,1.867985224,1.606811153
Palau,35.39388985,37.41116751,39.13855787,40.07334472,36.60803518,37.15450388,36.51374333,35.08504572,34.07914021,33.57444536,35.28759996,34.71797323,33.77737745,33.84066141,..
Panama,12.28553329,11.88533249,12.99298587,14.1257452,14.39627584,14.33924941,14.90213488,14.98458534,14.80329774,15.10833161,15.10440935,15.03279178,15.07169852,15.63106774,16.18236844
Papua New Guinea,1.058608918,1.046213401,1.029876246,1.009072627,0.950500999,0.905261106,0.984885196,1.311632892,1.70466975,1.788330948,1.870583606,1.843836286,1.870861557,1.893981243,1.904764025
Paraguay,4.959834702,5.006998993,5.319755108,5.526603944,5.627613128,6.610886502,6.124918701,6.32063157,5.844463586,5.860481685,6.442606846,6.768645198,5.675654063,5.194258455,5.210988106
Peru,6.227566322,6.82746636,8.04305869,8.701884543,9.156483462,10.05314653,10.73748393,12.23594691,10.75754777,10.9221949,11.32491744,10.48852904,9.790854423,9.27917114,9.67608604
Philippines,4.069882189,4.022547753,4.05946171,3.902963523,4.137583464,4.412507564,4.491522069,4.445847887,3.558645193,3.732187115,3.606157835,3.197402521,3.090076428,3.169388908,3.660427675
Poland,30.82091395,31.97925452,32.69469586,30.85354652,29.93036756,27.36937799,24.66733997,22.16172684,20.0062745,17.88212332,15.5305302,21.55454538,25.41437012,23.66024965,21.30352045
Portugal,41.6570883,40.82266492,40.2560991,40.07014948,40.016968,39.54611989,39.05482854,40.60079643,42.11486868,42.75218746,43.07458045,43.02749116,43.8209281,44.94897669,46.16129176
Puerto Rico,33.62707019,32.02252917,29.44354602,27.55883241,27.64231063,27.0451061,25.413032,24.30634852,23.9680813,22.28617658,19.10100022,17.91508877,22.37410394,22.13299406,22.18013944
Qatar,27.33935406,26.7952006,25.15315838,23.74780746,22.59808666,19.95304434,19.13603706,18.10068017,15.17130084,15.82948013,18.69610271,18.33321262,17.58699707,18.53233014,18.17835135
Romania,19.28756574,19.93455818,20.32312848,20.45166497,19.76094621,20.99247337,22.81341356,22.94116948,22.01528183,23.06217716,23.0526063,23.51979632,22.83112339,21.48252462,20.78057818
Russian Federation,24.44989762,24.96806457,26.72783161,27.92125524,30.63012951,31.58796308,31.82714123,31.71341402,31.37590993,30.8182549,29.40190522,28.18518714,26.58055768,24.70902856,22.41984106
Rwanda,0.294100247,0.29451591,0.260499649,0.262474372,0.253753294,0.244755119,0.172741121,0.335266159,0.387085114,0.369919526,0.411192923,0.40973684,0.437289016,0.146033128,0.112464787
Samoa,6.674519487,7.478808074,9.169598559,10.83760817,..,..,..,..,4.296340055,..,4.371174562,4.394072039,6.125123511,5.910951233,4.960409994
San Marino,73.25841898,72.60826841,71.89773436,71.30300958,70.91240629,70.32057911,70.17890679,66.49090258,62.86081646,59.3099289,58.59497399,58.05033588,56.95562973,50.21237864,48.18841671
Sao Tome and Principe,4.393708287,4.697651848,4.639104028,4.569813018,4.765640691,4.692797714,4.57903219,4.504341004,4.465143956,4.451901566,4.393375217,3.72958379,3.555258122,3.293736225,2.867790506
Saudi Arabia,15.59824686,15.52829848,15.90748848,16.07987801,16.07515507,15.82413259,15.80523631,15.64428577,15.18923362,16.40751724,16.50885327,16.49624792,11.76948604,11.8734002,11.26991348
Senegal,2.160488632,2.14454329,2.2357544,2.369617783,2.445087781,2.266279599,1.948155012,2.221256025,2.64672452,2.604378197,2.481254259,2.43420829,2.14452509,2.004534421,1.8553086
Serbia,..,..,29.00539546,33.80967982,36.58324033,40.4766132,41.91557649,42.39941646,42.66646785,42.00925319,41.5573039,42.61319567,40.41038957,39.44252097,38.44162446
Seychelles,25.23544292,24.66651147,24.31073111,24.11881367,23.0640538,25.16808631,24.61460424,28.64643979,24.11793666,30.39397173,22.6992469,23.4484989,22.742188,22.765676,22.1123233
Sierra Leone,0.484142712,0.486580663,0.487159666,0.491306786,0.49583736,0.503705728,0.510918076,0.519788408,0.216761216,0.241995544,0.266032013,0.231144429,0.233078435,0.234903154,0.22984807
Singapore,46.64979347,44.46619969,42.49389022,41.0684202,40.18950103,39.34049624,38.67156974,38.88617461,39.33781767,38.98943918,37.70851523,36.69203149,36.64784626,36.42284683,35.54319243
Slovak Republic,25.9756481,23.97593208,23.158325,22.17173928,21.62417587,24.26728212,23.86914932,22.58301163,20.33236904,19.52042267,17.99426627,17.82641153,16.90942179,15.93269597,15.12786593
Slovenia,40.62775366,40.84144266,49.93617652,51.06675864,51.35540583,49.94460003,48.32050572,46.13815107,44.53585231,42.915338,40.53868442,38.64036873,37.16753306,36.29681683,35.06902768
Solomon Islands,1.516557843,1.396247278,1.519012751,1.576343148,1.578656563,1.582342679,1.58580074,1.588904024,1.591542091,1.555000426,1.461386577,1.351876532,1.307549557,1.266081344,1.23536291
Somalia,0.365949277,1.016632411,0.988510737,0.960621714,0.932982296,0.90591231,0.879563483,0.854117573,0.829653612,0.72552999,0.548427049,0.487346171,0.42329217,0.366692026,0.335242446
South Africa,10.45587954,10.3045775,10.16220668,10.0285564,9.903861842,9.786081118,9.670291846,9.550562834,9.423343524,9.287549655,9.145591381,7.208052255,6.688299767,7.471447775,8.074286903
South Sudan,..,..,..,..,..,..,..,..,0.023839816,0.021054935,0.001386545,0,0,0,0
Spain,42.01625942,41.63598096,41.36975076,44.18635108,44.4154292,44.48290119,44.73272051,43.55856924,43.13318001,42.39906945,41.77488364,41.51019434,41.34944872,41.75578538,42.35542976
Sri Lanka,4.633475521,4.886796761,5.116722445,6.371432326,9.578360634,13.84124075,17.27885305,17.11553315,17.71660788,17.7621904,16.88845118,13.1863218,13.1395718,15.87172758,11.92298942
St. Kitts and Nevis,50.38485453,49.6765738,42.42146297,41.76009545,41.96301565,41.07827973,40.53087499,40.28612978,38.48770532,38.07253009,38.02932061,36.11126784,36.10041125,36.3763631,31.79985772
St. Lucia,31.99802207,30.43988743,25.88581889,23.8220311,23.79403532,23.7243556,24.19335776,22.54739156,21.70008112,20.65442496,21.07243973,19.07093248,18.61002942,19.67992054,19.96741848
St. Vincent and the Grenadines,25.26491965,19.55699123,17.522269,20.69539469,20.78837908,21.02487918,20.86474603,21.06944432,19.85363399,20.78177445,17.72555978,17.44328577,21.85776859,22.71709835,18.74264659
Sudan,2.342580859,3.182354199,3.40849194,1.843949229,1.578761001,1.069290551,1.111195535,1.100791043,1.584902537,1.375188904,1.179726966,1.12773928,1.099970738,0.307789811,0.344810614
Suriname,16.28837125,16.34441323,16.55268116,16.2454454,16.16079095,16.08773702,16.11187465,16.08604373,16.14835878,15.79885965,16.09620222,15.65617282,15.49473653,16.61508872,15.94468164
Sweden,65.56664762,64.57074641,63.26580347,62.34356716,60.9810797,60.02241783,57.79001374,55.18883493,50.41954521,47.35107901,43.69692525,40.85620473,38.99703139,36.40744953,31.55572642
Switzerland,74.37371565,73.00507564,71.50229195,69.49422345,67.12297566,65.17130538,63.14165119,66.32678317,62.66331936,61.77187819,58.79201959,56.47983677,53.15792486,49.76099697,45.86281483
Syrian Arab Republic,12.26013657,13.84417556,14.92701767,15.86882061,17.14514377,17.58281521,17.8763287,18.58887822,19.35902344,20.55694708,20.83203216,22.35722387,18.89824502,18.89334111,18.79957047
Tajikistan,3.685041832,3.728091616,4.072791237,4.088018749,..,4.092760667,3.925453861,4.646974589,4.81170902,4.861853628,4.915534113,5.196991028,5.269800765,5.3458727,5.357786209
Tanzania,0.447545724,0.395719172,0.387869443,0.391671823,0.374062248,0.389443063,0.286130317,0.387159918,0.378560377,0.338574619,0.359324024,0.325849319,0.289603483,0.265068883,0.233204728
Thailand,10.23364946,10.27405148,10.47904802,10.75217648,10.74321734,10.61104878,11.11167563,10.7726299,10.17001522,9.863745265,9.399507656,8.887184631,8.316674163,7.732574398,6.833807523
Timor-Leste,..,0.205026372,0.210495055,0.227378118,0.238789801,0.22911379,0.244965727,0.266203672,0.261988426,0.269901717,0.259345067,0.253300078,0.293284873,0.219182144,0.214397586
Togo,0.974126873,1.133267587,1.191577058,1.105543501,1.405617055,1.658772949,2.286979316,2.823059639,0.922827048,0.902387412,0.89788121,0.887937835,0.737468901,0.710414003,0.444587658
Tonga,11.29315212,12.02537354,12.94743342,13.60437842,18.14060518,20.54964487,24.79102956,29.92162465,29.76847806,28.68699618,28.58476813,29.43186997,11.34408501,12.42901734,10.26866563
Trinidad and Tobago,24.90059374,24.83380735,24.97708315,24.85091763,24.97805308,23.47135023,23.93178508,22.94361911,22.08530984,21.8788302,21.36311595,21.60514979,21.33063811,19.91571158,19.94099469
Tunisia,11.64383659,11.70912176,12.01415389,12.44722831,12.44061476,12.36474308,11.90577493,12.15137969,12.12023837,11.31612447,10.09393324,9.27843859,8.519408093,8.370324423,8.542557349
Turkey,28.99771939,28.62448535,28.54167321,27.94885282,27.38610166,26.15189234,24.84695776,23.17710246,22.40032804,20.72055432,18.58615626,17.88122693,16.26478367,14.68358357,13.9318589
Turkmenistan,8.112794745,8.078198508,8.249355041,8.372871895,8.810826375,9.407948893,9.677735677,9.870545832,10.2217522,10.57196658,10.91529183,11.21820584,11.42284067,11.64361064,11.74383811
Turks and Caicos Islands,16.70039555,15.86928663,14.85536199,13.98971567,13.38542797,12.91899441,12.55045623,12.23342701,11.93779441,..,11.40883722,12.0816721,12.15210884,11.64856286,..
Tuvalu,6.850025947,7.166990888,7.580351728,8.876034706,10.85133669,12.69159426,9.671179884,7.662101331,11.39492926,13.64320662,13.51981352,13.40234772,13.75137514,18.18016544,18.02288907
Uganda,0.213764279,0.229090751,0.259601234,0.306590471,0.365947809,0.541959335,0.532091818,0.712601453,0.964507496,1.324595836,0.867484974,0.726543087,0.835472861,0.819061066,0.887589931
Ukraine,22.57897483,23.34882194,25.71578436,24.87963714,26.59393674,27.82254394,28.52974564,28.32170762,28.26084122,27.82340614,26.86289124,26.22356898,24.67397985,21.60952334,20.14479258
United Arab Emirates,31.18282452,30.35218171,29.05464892,27.00825974,24.98426183,22.92368698,23.14950166,20.61136182,17.88830283,21.0493083,22.10545913,23.16182639,23.18450926,24.67305536,24.65916589
United Kingdom,58.53110838,57.98957916,57.73898386,56.51063582,55.66932681,54.48568794,55.08050015,53.41933571,52.77312596,52.10996911,51.66882567,51.64492534,51.12317511,50.78437447,50.94077887
United States,65.82456904,63.07443356,60.74079497,59.35053575,56.22717176,52.70149496,53.65092726,49.94603275,48.48733979,46.07566866,44.23215182,42.22425161,40.44299818,39.02363861,37.72119591
Uruguay,28.4434365,28.21071572,29.984122,30.25010133,29.62636628,28.90092375,28.62836126,28.35933632,28.5141869,28.49870511,29.76212451,30.76418609,31.66803429,32.24287436,32.33345122
Uzbekistan,6.589585964,6.647402995,6.691048116,6.764814245,6.849579716,6.676392216,6.673310284,6.594110538,6.614502389,6.631760509,6.702718703,6.662284216,8.222106257,9.092875421,10.85300108
Vanuatu,3.408505022,3.287026799,3.310914408,3.326168983,3.494320564,4.00994758,4.61524807,3.128019585,3.009373876,2.428153851,1.9589066,2.171508481,2.212478269,1.812904616,1.684528961
"Venezuela, RB",11.18424398,11.42773014,12.71103202,13.62932742,15.48062701,18.76021077,22.80521352,24.02003853,24.40016518,24.88660551,25.58703553,25.6409261,25.40317514,24.97211535,24.26626192
Vietnam,4.794177633,5.319787766,12.12160956,..,10.06822794,12.99996542,17.03148832,19.90211157,16.24734923,11.37659973,10.5648317,7.350269091,7.267097279,7.828176053,5.919500828
Virgin Islands (U.S.),63.90099211,64.31907118,65.58481209,66.51637861,67.45943129,68.50785414,69.4769565,70.44303976,71.40905708,..,..,72.16720001,72.4003425,72.39681073,..
West Bank and Gaza,7.158641381,7.076670273,7.746998394,9.424188447,8.799318351,9.296387451,9.210162214,9.303119972,8.861990509,9.157967156,9.170748971,9.129275203,8.884290098,8.71778067,9.017461939
"Yemen, Rep.",2.865896031,3.56531155,3.986597837,4.379284832,4.576103798,4.698503858,4.298547113,4.339512866,4.432044711,4.432586462,4.431960554,4.468977205,4.452432525,4.243640272,4.226431981
Zambia,0.788406254,0.774173734,0.781801788,0.785461124,0.75445074,0.721272886,0.692527287,0.671359991,0.854784967,0.600970672,0.561512611,0.763943745,0.732476733,0.721495434,0.611202557
Zimbabwe,2.302735285,2.38185415,2.480921363,2.53476962,2.556798029,2.588164705,2.566661472,2.788553922,2.690554245,2.474516477,2.050530677,2.020405053,2.137827329,2.115056482,1.892960666